panel_name,loan_amount,expectedshare
UNION YES FCU,2302502,0.040149189900777794
WELLS FARGO BK NA,2093657,0.036507517682978226
GUARANTEED RATE INC.,1960483,0.03418533589297493
LOANDEPOT.COM,1938749,0.03380635576904734
BANK OF AMER NA,1921483,0.03350528505865194
JPMORGAN CHASE BK NA,1880435,0.032789522836926564
FIRST REPUBLIC BK,1714343,0.029893343268352905
"QUICKEN LOANS, INC.",1679597,0.02928747028657377
SANTANDER BK NA,1239706,0.02161700255423606
RESIDENTIAL MORTGAGE SERVICES,1136229,0.01981265331876839
NEEDHAM BK,996480,0.017375821932978583
FAIRWAY INDP MORTGAGE CORP,988207,0.017231563970097712
EASTERN BK,899979,0.015693114610850326
ROCKLAND TC,874926,0.01525626041720177
BANK OF CANTON,819358,0.014287310038697683
"SALEM FIVE MORTGAGE CO., LLC",781213,0.013622168011127166
"PROSPECT MORTGAGE, LLC",772358,0.013467761597334088
CITIZENS BK NA,735555,0.012826020293344636
BOSTON PRIVATE B&TC,733724,0.012794092778533215
CITIBANK NA,651381,0.01135826134646508
RADIUS FINANCIAL GROUP INC.,603111,0.010516567659983789
"MORTGAGE NETWORK, INC",599129,0.010447132726079325
HINGHAM INST FOR SVG,559081,0.009748807705234024
EAST BOSTON SVG BK,532822,0.009290924247324096
"MORTGAGE MASTER, INC.",510220,0.008896808633032608
BLUE HILLS BK,505768,0.008819178214714507
MSA MORTGAGE LLC,502066,0.008754625697056465
PEOPLES UNITED BK,500888,0.008734084674419735
BERKSHIRE BK,474488,0.008273742571185716
WEBSTER BK NA,465199,0.008111768412210686
WASHINGTON TR MTG CO LLC,439205,0.007658505812533979
DEDHAM INST FOR SVG,432078,0.007534230881861673
UNITED SHORE FINANCIAL SERVICE,416140,0.007256316774235015
"STEARNS LENDING, INC.",380150,0.006628751914561064
HARBORONE BK,370086,0.0064532639249039745
EAST BOSTON SAVINGS BANK,367512,0.006408380569838657
CAPITAL ONE NA,353429,0.006162812469844541
PEOPLES UNITED BK NA,347073,0.006051981621050775
PNC BK NA,346162,0.006036096331049025
SAGE BK,331377,0.005778287316037095
RANDOLPH SVG BK,330220,0.005758112474618846
MERRIMACK MORTGAGE COMPANY,325717,0.005679592759055862
BROOKLINE BK,317912,0.005543495406186865
WELLESLEY BK,305608,0.0053289480865584046
DIGITAL FCU,293471,0.005117312779476917
"FBC MORTGAGE, LLC",292829,0.005106118096511908
BELMONT SVG BK,292542,0.005101113619859325
"OCWEN LOAN SERVICING, LLC",290449,0.005064617558417326
METRO CU,273332,0.004766144990953057
"POLI MORTGAGE GROUP, INC",270873,0.004723266913988949
PRIMELENDING A PLAINSCAPITAL C,267343,0.004661713594882279
CAMBRIDGE SVG BK,262278,0.004573394172424692
"CITIZENS BK, NA",259381,0.00452287860147511
"WILLIAM RAVEIS MORTGAGE, LLC",250155,0.0043620029861555255
NE MOVES MORTGAGE,248443,0.0043321504982488344
T D BK NA,247635,0.004318061239937733
ROCKLAND FCU,239972,0.004184439969593706
MORGAN STANLEY PRIV BK NA,237837,0.004147211545714743
EVERBANK,236350,0.004121282428006069
FIRST HOME MORTGAGE CORPORATIO,232676,0.004057218151972668
MIDDLESEX SVG BK,228128,0.003977913762370081
"WALKER & DUNLOP, LLC",227477,0.003966562144597151
FREEDOM MORTGAGE CORPORATION,226610,0.003951444091434125
U S BK NA,223141,0.00389095444158114
BNY MELLON NA,218517,0.0038103248247116665
DITECH FINANCIAL LLC,211622,0.003690095324643539
MEETINGHOUSE BK,208993,0.0036442529235298183
BRIDGEWATER SVG BK,202556,0.0035320096614647662
"COMMONWEALTH MORTGAGE, LLC",200266,0.003492078471449391
MOUNTAINONE BK,198984,0.003469723979921133
FIRST FSB OF BOSTON,191230,0.00333451592429702
NEW FED MORTGAGE CORP,189580,0.003305744542844894
"MORTGAGE FINANCIAL SERVICES,IN",188891,0.003293730311438521
CAMBRIDGE TC,187600,0.0032712188851023428
NORWOOD CO-OP BK,182540,0.0031829866486491557
FRANKLIN AMERICAN MORTGAGE CO,171669,0.0029934268378818446
SIERRA PACIFIC MORTGAGE,167640,0.0029231723555360168
QUINCY CU,166665,0.002906171084677942
MANUFACTURERS & TRADERS TC,162405,0.0028318886089288165
FIRST NIAGARA BK NA,158891,0.0027706142850362275
VILLAGE BK,157801,0.0027516077360769443
CAPE COD FIVE CENTS SVG BK,157368,0.002744057428095871
COOPERATIVE BK,151688,0.002645014127097037
EAST CAMBRIDGE SVG BK,150679,0.0026274199914090397
NATIONSTAR MORTGAGE LLC,149675,0.002609913041725443
USAA FSB,148350,0.002586808750559342
PACIFIC UNION FINANCIAL LLC,147927,0.0025794328145870697
JEANNE D'ARC CU,147701,0.0025754920071881723
KEYBANK NA,147552,0.0025728938642570406
WALPOLE CO-OP BK,147198,0.0025667210951454936
"EMBRACE HOME LOANS, INC.",145382,0.002535055138347275
NEW PENN FINANCIAL LLC,139600,0.002434233242858673
PHH HOME LOANS LLC,138027,0.0024068045258743126
"PLAZA HOME MORTGAGE, INC.",137626,0.002399812208321402
PATRIOT COMNTY BK,134954,0.0023532200075698376
SHARON CU,131897,0.002299914484479444
CITY OF BOSTON CU,120561,0.002102246375302897
CAMBRIDGE MTG GRP,119163,0.0020778691684725506
HARVARD UNIV EMPL CU,114807,0.0020019127214389375
MUTUAL BK,114561,0.0019976231700224384
INSTITUTION SVG IN NEWBURYPORT,114247,0.0019921478889460944
"MEMBERS MORTGAGE COMPANY, INC.",112948,0.001969496965002875
"CALIBER HOME LOANS, INC.",112904,0.001968729728164152
FLAGSTAR BK FSB,112583,0.0019631323866816475
SOUTH SHORE BK,112487,0.00196145841539716
"PROVIDENT FUNDING ASSOCIATES,",110154,0.0019207774257439417
DIRECT FED CU,109362,0.001906967162646921
BERKELEY POINT CAPITAL,108784,0.0018968884605382369
BRISTOL CTY SVG BK,108609,0.0018938369503842234
CAMDEN NB,102558,0.0017883244478588808
GMH MORTGAGE SERVICES LLC,102144,0.0017811054466945293
NEW YORK CMNTY BK,101852,0.0017760137840375468
DEAN CO-OP BK,101635,0.0017722299114465703
MB FNCL BK NA,101261,0.0017657083983174217
HOME POINT FINANCIAL CORP,99808,0.0017403721454386707
VILLAGE MORTGAGE COMPANY,99753,0.0017394130993902664
CENTURY B&TC,97810,0.0017055326180802778
"LEADER MORTGAGE COMPANY, INC.",97556,0.0017011035690567384
FIRSTRUST SVG BK,96880,0.0016893160212618067
NORTHERN B&TC,95975,0.0016735353544653376
GOLDMAN SACHS BK USA,94758,0.0016523142809942845
BOSTON FRFTRS CU,93753,0.0016347898941098077
LIBERTY BAY CU,93462,0.0016297156686537054
"ENVOY MORTGAGE, LTD",93292,0.0016267513445040924
NAVY FCU,86466,0.0015077250112966905
MANSFIELD CO-OP BK,85857,0.001497105755960724
CROSSCOUNTRY MORTGAGE INC.,85257,0.0014866434354326781
AVIDIA BK,85142,0.0014846381573314694
"MORTGAGE RESEARCH CENTER, LLC",83797,0.0014611851221477666
BRAINTREE CO-OP BK,81493,0.0014210098113200704
FIRST COMMONS BK NA,81368,0.0014188301612100608
BARRINGTON B&TC NA,79613,0.0013882278736655265
PRIMARY RESIDENTIAL MORTGAGE,79601,0.0013880186272549658
UBS BK USA,79028,0.001378027111150682
PILGRIM BK,78332,0.0013658908193381488
FINANCE OF AMERICA MORTGAGE,78175,0.0013631531787999768
UNITED BK,76705,0.0013375204935062643
COMMERCE B&TC,76669,0.0013368927542745815
AMERICAN NEIGHBORHOOD MORTGAGE,76177,0.001328313651441584
MUTUALONE BK,73246,0.0012772052156620798
NYCB MORTGAGE COMPANY LLC,71929,0.0012542404221030192
MORTGAGE EQUITY PARTNERS,70327,0.0012263060262931366
NORCOM MORTGAGE,69992,0.001220464563998311
CRESCENT CU,67930,0.0011845090557835935
AMERISAVE MORTGAGE CORPORATION,67642,0.0011794871419301314
PHH MORTGAGE CO,67215,0.0011720414571543389
ABINGTON BK,65579,0.0011435141965145338
PULTE MORTGAGE LLC,65570,0.001143357261706613
COASTAL HERITAGE BK,64665,0.0011275765949101439
PMAC LENDING SERVICES INC,64128,0.0011182128180375428
COLONIAL FSB,63614,0.0011092500967851836
BRIDGEWATER CU,58947,0.0010278706802778668
AMERICAN FINANCIAL RESOURCES,57752,0.0010070332252261752
CHARLES SCHWAB BK,57564,0.001003755031460721
BRANCH BKG&TC,56911,0.000992368539286031
WEBSTER FIVE CENTS SVG BK,56735,0.0009892995919311375
EVERETT CO-OP BK,56447,0.0009842776780776756
SHAMROCK FINANCIAL CORP,56177,0.0009795696338400549
BAYCOAST BK,53521,0.0009332564283025718
NORTH EASTON SVG BK,53256,0.0009286355700693516
"LAKEVIEW LOAN SERVICING, LLC",50990,0.0008891228728750984
COMMONWEALTH CO-OP BK,50849,0.0008866642275510076
TBI MORTGAGE COMPANY,50336,0.0008777189434995284
HANSCOM FCU,50158,0.0008746151217428747
ARK-LA-TEX FINANCIAL SERVICES,47688,0.0008315452355690859
COASTAL HERITAGE BANK,47208,0.0008231753791466492
ASTORIA FEDERAL MTG. CORP.,47004,0.0008196181901671136
FARMINGTON BK,46735,0.000814927583130373
CHARLES RIVER BK,46053,0.0008030354121301608
COASTWAY CMNTY BK,45782,0.0007983099306916602
STONEHAMBK,45530,0.0007939157560698809
SUNTRUST MTG,45073,0.000785946955267686
SILICON VALLEY BK,44902,0.0007829651939171929
GLADEWATER NB,44370,0.0007736886030489923
MILFORD FS&LA,44071,0.0007684748799858494
WINTER HILL BK,43904,0.0007655628674388766
M&T RLTY CAP CORP,43466,0.0007579253734534031
FOXBORO FED SVGS,43216,0.000753566073233384
FIRSTBANK,42711,0.0007447602867889454
MECHANICS CO-OP BK,42257,0.0007368437975893906
"NORTHEAST HOME LOAN, LLC",41575,0.0007249516265891785
UNIBANK FOR SVG,41234,0.0007190055410890725
HSBC BK USA NA,40856,0.0007124142791564036
PENNYMAC LOAN SERVICES LLC,40128,0.0006997199969157079
FIRST CITIZENS FCU,40036,0.0006981157744347409
"ATLANTIC HOME LENDING, INC",39562,0.0006898505412175846
"NORTHPOINT MORTGAGE, INC.",39050,0.0006809226943669855
USALLIANCE FCU,39026,0.0006805042015458636
HOME LOAN INV BK FSB,38944,0.0006790743510736973
MID-ISLAND MORTGAGE CORP.,38287,0.0006676181100954871
EAST WEST BK,38248,0.0006669380592611642
DISCOVER HOME LOANS,37475,0.000653459102980865
PEOPLES BK,37440,0.0006528488009500624
BAY ST SVG BK,36810,0.0006418633643956143
RTN FCU,36753,0.0006408694439454499
SALEM FIVE CENTS SVG BK,36732,0.0006405032627269683
SCITUATE FSB,36684,0.0006396662770847246
"E MORTGAGE MANAGEMENT, LLC",36116,0.0006297619469848412
WEYMOUTH BK,36045,0.0006285239057223557
ALLIANT CU,35904,0.000626065260398265
FEDERAL SVGS BK,35774,0.0006237984242838551
FIFTH THIRD MTG CO,35608,0.0006209038489377623
CLINTON SVG BK,35314,0.0006157773118790199
"BROKER SOLUTIONS, INC",34156,0.0005955850332598913
EVOLVE B&TC,34082,0.0005942946803947657
"MILEND, INC.",33942,0.000591853472271555
MEMBERS PLUS CU,33893,0.0005909990494284312
PEOPLES FSB,33393,0.000582280448988393
CBC NB,33003,0.0005754799406451632
COLE TAYLOR BK,32380,0.0005646165644968756
EQUITABLE BANK,32339,0.0005639016392607924
"NFC MORTGAGE COMPANY, LLC",31879,0.0005558805268559572
WINCHESTER CO-OP BK,31543,0.0005500216273602516
"DREW MORTGAGE ASSOCIATES, INC.",31465,0.0005486615256916056
COMMUNITY FSB,31300,0.000545784387546393
NORTH AMER SVG BK FSB,31013,0.000540779910893811
CANTON CO-OP BK,30942,0.0005395418696313257
"NEWDAY FINANCIAL, LLC",30633,0.000534153774559382
DITECH MORTGAGE CORP,28895,0.0005038479194298091
STOUGHTON CO-OP BK,28481,0.0004966289182654574
AMERICAN INTERNET MORTGAGE,28184,0.0004914500696040747
HUDSON CITY SVG BK FSB,28142,0.0004907177071671115
FIDELITY CO-OP BK,27689,0.0004828186551684369
MIDDLESEX FED SVG FA,27507,0.000479645084608263
BANK OF ENGLAND,27229,0.00047479754276360175
NORTHERN TC,27139,0.00047322819468439487
WAKEFIELD CO-OP BK,27066,0.0004719552790201493
WRENTHAM CO-OP BK,26752,0.0004664799979438053
CRESCENT MTG CO,26494,0.00046198120011674553
INLANTA MORTGAGE,25863,0.0004509783263614173
BEVERLY BK,25821,0.0004502459639244541
MUTUAL FIRST FCU,25675,0.00044770013259596295
RIVER WKS CU,25410,0.0004430792743627427
PROVINCE MORTGAGE ASSOCIATES,24620,0.0004293038856674823
DOLLAR BK FSB,24593,0.0004288330812437202
WINCHESTER SVG BK,24319,0.00042405528820257927
BAXTER CU,23962,0.000417830207488392
CUSTOMERS BK,23950,0.00041762096107783104
GEORGETOWN BK,23790,0.0004148310089370188
ST ANNES CU OF FALL RIVER,23715,0.00041352321887101306
FALL RIVER FIVE CENTS SVGS BK,23612,0.0004117271871803652
RADIUS BK,23489,0.0004095824114721158
ENTERPRISE B&TC,23412,0.00040823974700434994
LUXURY MORTGAGE CORP.,23403,0.00040808281219642924
TREMONT CU,23374,0.000407577133370907
CAPE COD CO-OP BK,23052,0.0004019623546875224
FIRST GUARANTY MORTGAGE CORP,22995,0.000400968434237358
EAGLE BK,22675,0.0003953885299557336
BANC OF CA NA,22668,0.000395266469549573
INTEGRITY FIRST FINANCIAL GR,22021,0.0003839846005801636
HOMEBRIDGE FINANCIAL SERVICES,21677,0.0003779862034774173
"NFM, INC",21467,0.00037432439129260123
AVON CO-OP BK,21235,0.0003702789606884235
"MOVEMENT MORTGAGE, LLC",21226,0.0003701220258805028
KINECTA FCU,21070,0.00036740182254321085
WATERTOWN SVG BK,20439,0.00035639894878788264
CATHAY BK,20271,0.00035346949904002976
THIRD FS&LA,20190,0.0003520570857687436
MAVERICK FUNDING,19783,0.00034496014501055245
"TOTAL MORTGAGE SERVICES, LLC",19432,0.00033883968750164563
ROSS MORTGAGE COMPANY,18856,0.0003287958597947216
STIFEL B&T,18728,0.0003265638980820718
IFREEDOM DIRECT CORP,17812,0.0003105914220759218
THE MONEY SOURCE,17782,0.0003100683060495195
ALIGN CU,17414,0.00030365141612565135
ALLIED MORTGAGE GROUP,17174,0.000299466487914433
BOKF NA,17008,0.0002965719125683403
WEBSTER FIRST FCU,16989,0.00029624060575161886
MASS BAY CU,16970,0.0002959092989348974
LOWELL FIVE CENT SVG BK,16895,0.00029460150886889165
PAWTUCKET CU,16891,0.0002945317600653714
BANK OF EASTON,16766,0.00029235210995536183
INTERCONTINENTAL CAPITAL GROUP,16677,0.000290800199077035
PENTAGON FCU,16505,0.00028780100052566183
PARAMOUNT RESIDENTIAL MORTGAGE,16497,0.0002876615029186212
SCHAEFER MORTGAGE CORP.,16472,0.00028722557289661936
MELROSE CO-OP BK,16280,0.00028387763032764466
GREAT PLAINS NB,16168,0.0002819246638290761
TIAA-CREF TC FSB,15908,0.0002773909916002562
ROUNDPOINT MORTGAGE COMPANY,15687,0.0002735373702057593
SOUTHBRIDGE SVG BK,15621,0.0002723865149476743
BANK OF ME,15611,0.0002722121429388735
NATIONS LENDING CORPORATION,15372,0.00026804465192853524
ROCKVILLE BK,15015,0.00026181957121434795
NORTHEAST BK,14968,0.00026100002277298435
BEVERLY CO-OP BK,14965,0.0002609477111703441
COLORADO FSB,14887,0.00025958760950169817
PROVIDENT FUNDING GROUP INC,14682,0.0002560129833212825
"GUIDANCE RESIDENTIAL, LLC",14223,0.0002480093081173274
KS STATEBANK,14190,0.00024743388048828485
"RESMAC, INC.",13930,0.00024290020825946498
DB PRIVATE WEALTH MORTGAGE,13575,0.00023671000194703786
FIRST PRIORITY CU,13555,0.0002363612579294363
BOFI FED BK,13534,0.00023599507671095472
SAVINGS BK,13491,0.00023524527707311142
NORTH MIDDLESEX SVG BK,13436,0.00023428623102470723
FIRST IPSWICH BK,13298,0.00023187989730325667
FIRST AMERICAN MORTGAGE TRUST,13147,0.00022924687997036514
S-BK,12994,0.00022657898823571343
NORTH SHORE BK A CO-OP BK,12518,0.00021827888061679704
FAMILY FED SVG,12463,0.00021731983456839283
HOMESTEAD FUNDING CORP,12260,0.0002137800827897373
PARKSIDE LENDING LLC,12036,0.0002098741497926002
NAVIGANT CU,11837,0.00020640414681746496
REGENCY MORTGAGE CORP.,11803,0.00020581128198754236
NORTHMARK BK,11801,0.00020577640758578223
CAPITOL FSB,11697,0.00020396293869425427
TIDEWATER MORT. SERVICES INC,11642,0.00020300389264585005
BANK RHODE ISLAND,11443,0.00019953388967071484
READING CO-OP BK,11432,0.00019934208046103402
SAINT MARYS CU,11319,0.00019737167676158536
GOLDWATER BK NA,11297,0.0001969880583422237
NORTHEAST CMNTY BK,11267,0.0001964649423158214
METROPOLITAN HOME MORTGAGE,11220,0.0001956453938744578
PEOPLESBANK,11133,0.00019412835739789116
OCEANSIDE MORTGAGE COMPANY,10880,0.0001897167455752318
INLAND B&TC,10516,0.00018336960445488397
"WATERMARK CAPITAL, INC.",10411,0.00018153869836247594
ACADEMY MORTGAGE CORPORATION,10394,0.00018124226594751466
NORTHPOINTE BK,10146,0.0001769178401292557
FIRST INTERNET BK IN,10073,0.0001756449244650101
"SEMPER HOME LOANS, INC.",10027,0.0001748428132245266
BARRONS MORTGAGE GROUP,10013,0.00017459869241220552
WASHINGTON TC OF WESTERLY,9887,0.0001724016051013159
SPENCER SVG BK,9794,0.00017077994541946879
MORTGAGE LENDERS OF AMERICA,9586,0.00016715300763641287
HUNTINGTON NB,9551,0.0001665427056056102
JG WENTWORTH HOME LENDING LLC,9512,0.00016586265477128723
MILFORD NB&TC,9368,0.0001633516978445562
NATIONAL BK OF KANSAS CITY,9354,0.00016310757703223515
WORKERS CU,9247,0.00016124179653806696
CENTRAL ONE FED CU,9125,0.00015911445803069765
VELOCITY COMMERCIAL CAPITAL,8980,0.00015658606390308655
SEMPER HOME LOANS,8617,0.0001502563599836188
"FRANKLIN FIRST FINANCIAL, LTD",8550,0.00014908806752465367
GATEWAY FUNDING DIV MTG SVCS,8538,0.00014887882111409276
HOWARD BK,8277,0.0001443277116843928
"NATIONS DIRECT MORTGAGE, LLC",8070,0.00014071821110221697
MARLBOROUGH SVG BK,8023,0.0001398986626608534
ATLANTIC HOME LOANS INC.,7975,0.00013906167701860971
AMERICAN BK,7937,0.0001383990633851668
NETWORK CAPITAL FUNDING GROUP,7927,0.00013822469137636604
NBKC BK,7842,0.00013674252930155953
"EQUITY LOANS, LLC",7825,0.00013644609688659825
MACKINAC SVG BK FSB,7658,0.00013353408433962547
INDUSTRIAL CU,7657,0.0001335166471387454
"1ST ALLIANCE LENDING, LLC",7613,0.00013274941030002202
COMPASS BK,7397,0.00012898297490992553
COMERICA BK,7268,0.00012673357599639565
PREMIA MORTGAGE LLC,7257,0.00012654176678671483
MERRIMACK VALLEY FCU,7180,0.00012519910231894893
COVENTRY CU,7121,0.00012417030746702441
"NETWORK FUNDING, L.P.",7104,0.00012387387505206313
BANK OF CAPE COD,6973,0.00012158960173677311
SOUTHERN MA CU,6849,0.00011942738882764363
"FARM CREDIT EAST, ACA",6754,0.00011777085474403637
BANKGLOUCESTER,6601,0.00011510296300938466
FIRST CHOICE LOAN SERVICES INC,6500,0.00011334180572049694
PERL MORTGAGE,6479,0.00011297562450201534
ENERGY CU,6329,0.00011036004437000387
HABIB AMER BK,6305,0.00010994155154888204
PRESIDENTIAL BK FSB,6206,0.00010821526866175447
LAND HOME FINANCIAL SERVICES,6152,0.00010727365981423034
"SIRVA MORTGAGE, INC.",6131,0.00010690747859574874
WESTSTAR MORTGAGE INC,6090,0.0001061925533596656
INDUSTRIAL & CMRL BK,5962,0.00010396059164701582
CONGRESSIONAL BK,5953,0.00010380365683909513
B2R FINANCE L.P.,5943,0.00010362928483029437
NAVEO CU,5931,0.00010342003841973344
FEARON FINANCIAL LLC,5878,0.00010249586677308939
CITY NB,5862,0.00010221687155900816
RAYMOND JAMES BK NA,5807,0.00010125782551060396
WEICHERT FINANCIAL SERVICES,5800,0.00010113576510444342
LAKE SUNAPEE BK FSB,5784,0.00010085676989036221
FIRST TRADE UNION BK,5771,0.00010063008627892121
MLD MORTGAGE INC.,5558,9.691596249146492e-05
HOLBROOK CO-OP BK,5453,9.50850563990569e-05
COMMUNITY CU OF LYNN,5397,9.410857314977261e-05
BANKNEWPORT,5366,9.356801992249025e-05
SIMSBURY B&TC,5333,9.299259229344772e-05
TAUNTON FCU,5244,9.144068141512092e-05
COUNTRY BK FOR SVG,5149,8.978414733151365e-05
ONEUNITED BK,4942,8.617464674933783e-05
"EMIGRANT MORTGAGE COMPANY, INC",4931,8.598283753965699e-05
NEWBURYPORT FIVE CNT SVG BK,4575,7.977519402634977e-05
CAPITAL BANK NA,4570,7.96880080219494e-05
GUILD MORTGAGE COMPANY,4508,7.860690156738464e-05
STONEGATE MORTGAGE LLC,4439,7.740373470665938e-05
"KELLER MORTGAGE, LLC",4434,7.731654870225899e-05
CHELSEA BK,4295,7.489277777992837e-05
MARTHA'S VINEYARD SB,4250,7.410810374032493e-05
TOYOTA FNCL SVG BK,4230,7.375935972272339e-05
BMO HARRIS BK NA,4223,7.363729931656287e-05
WASHINGTON TC,4128,7.19807652329556e-05
SUNTRUST BK,4112,7.170177001887437e-05
BENCHMARK BK,4091,7.133558880039277e-05
MONSON SVG BK,4064,7.086478437663071e-05
GUARANTY BK,4040,7.044629155550887e-05
FIRST FED BK FSB,3966,6.91559386903832e-05
ADVANCIAL FCU,3925,6.844101345430008e-05
BRIDGEVIEW BANK MTG COMP LLC,3912,6.821432984285909e-05
MASSACHUSETTS INST TECH FC,3896,6.793533462877786e-05
LENOX FINANCIAL MORTGAGE CORP,3825,6.669729336629243e-05
EMIGRANT FUNDING CORP,3787,6.603467973284953e-05
NEW ENGLAND FCU,3715,6.477920126948403e-05
REPUBLIC STATE MORTGAGE,3714,6.476176406860394e-05
HOMETOWN BK A CO-OP BK,3640,6.34714112034783e-05
FIRST FED BK OF FL,3588,6.256467675771431e-05
FIRST WESTERN TR BK,3575,6.233799314627332e-05
"HOMESTAR MORTGAGE, INC.",3552,6.193693752603156e-05
QUORUM FCU,3550,6.190206312427141e-05
SERVICE CU,3537,6.167537951283042e-05
LIBERTY HOME EQUITY SOLUTIONS,3482,6.071633346442621e-05
NEW ENGLAND REGIONAL MORTGAGE,3384,5.9007487778178715e-05
AMER AIRLINES FCU,3349,5.839718574737604e-05
ADMIRALS BK,3230,5.632215884264694e-05
CONTOUR MORTGAGE CORPORATION,3206,5.590366602152511e-05
DRAPER AND KRAMER MORTGAGE COR,3181,5.54677359995232e-05
VANGUARD FUNDING LLC,3175,5.536311279424274e-05
WASHINGTON SVG BK,3149,5.490974557136075e-05
FIRST MARINER BK,3147,5.48748711696006e-05
WATERSTONE MORTGAGE CORP.,3105,5.414250873263739e-05
POLISH NAT CU,3016,5.259059785431058e-05
ASTORIA BK,3014,5.255572345255043e-05
AMERICAN FEDERAL MORTGAGE COPR,2965,5.1701300609426686e-05
"OCMBC, INC",2934,5.1160747382144316e-05
FIRST FED BK OF KS CITY,2898,5.053300815046156e-05
UKRAINIAN FCU,2883,5.027145013726041e-05
GUARDHILL FINANCIAL CORP,2758,4.809180002725086e-05
"CONTINENTAL HOME LOANS, INC",2619,4.566802910492023e-05
PENTUCKET BK,2483,4.3296569785229835e-05
"MEMBER ADVANTAGE MORTGAGE, LLC",2474,4.3139634977309145e-05
PRIVATE BK OF BUCKHEAD,2454,4.279089095970762e-05
FIRST BK,2437,4.249445854474632e-05
NORTH BROOKFIELD SVG BK,2416,4.212827732626471e-05
"LONGBRIDGE FINANCIAL, LLC",2397,4.179697050954326e-05
GERSHMAN INVESTMENT CORPORATIO,2391,4.16923473042628e-05
BANK OF NH,2372,4.1361040487541345e-05
NEW ENGLAND TEAMSTERS FCU,2328,4.059380364881798e-05
STEPSTONE MORTGAGE COMPANY,2310,4.0279934032976605e-05
CAPE ANN SVG BK,2285,3.98440040109747e-05
REDWOOD RESIDENTIAL ACQ,2256,3.933832518545248e-05
UMASSFIVE COLLEGE FCU,2246,3.9163953176651714e-05
EVERETT CU,2245,3.914651597577164e-05
STERLING NB,2212,3.8571088346729116e-05
FFC MORTGAGE CORP,2203,3.8414153538808426e-05
ST JEANS CU,2183,3.80654095212069e-05
MILITARY FAMILY HOME LOANS,2164,3.773410270448544e-05
FALL RIVER MUNI CU,2162,3.769922830272529e-05
"LIVE WELL FINANCIAL, INC.",2152,3.752485629392453e-05
KANSAS ST BK OF MANHATTAN,2145,3.740279588776399e-05
UBS AG TAMPA BR,2064,3.59903826164778e-05
EMPLOYERS REASSURANCE CORP,2050,3.574626180415673e-05
"HOMEWARD RESIDENTIAL, INC",2019,3.520570857687436e-05
NORTHWEST FCU,2007,3.499646216631344e-05
CENTREVILLE BANK,1985,3.461284374695176e-05
CERTUSBANK NA,1951,3.401997891702916e-05
FRONTIER BK,1940,3.382816970734832e-05
FINANCIAL RESOURCES FCU,1883,3.283424925718396e-05
FIRST TECH FCU,1849,3.2241384427261364e-05
MAGNOLIA BK,1844,3.215419842286098e-05
MILLBURY FCU,1841,3.210188682022075e-05
WILMINGTON SVG FUND SCTY FSB,1839,3.20670124184606e-05
NORTH CAMBRIDGE CO-OP BK,1836,3.201470081582037e-05
HAVERHILL BK,1777,3.098590596389586e-05
PEOPLES CU,1722,3.002685991549165e-05
UNITED NATIONS FCU,1721,3.0009422714611575e-05
REVERSE MORTGAGE FUNDING LLC,1683,2.934680908116867e-05
SHANGHAI CMRL BK SF BR,1680,2.9294497478528442e-05
ACCESS NB,1652,2.88062558538863e-05
MILLBURY SVG BK,1635,2.8509823438925e-05
AMERICAN FINANCE HOUSE LARIBA,1631,2.8440074635404694e-05
RESIDENTIAL MORTGAGE SOLUTIONS,1621,2.826570262660393e-05
BANK FUND STAFF FCU,1609,2.8056456216043012e-05
AMERICAN EQUITY MORTGAGE,1596,2.782977260460202e-05
SOUTHCOAST HEALTH SYS FCU,1517,2.645223373507598e-05
EVERETT FINANCIAL INC.,1508,2.629529892715529e-05
MIDWEST CMNTY BK,1508,2.629529892715529e-05
ROLLSTONE B&T,1503,2.6208112922754908e-05
UMB BK NA,1497,2.6103489717474452e-05
WESTERN FCU,1473,2.5684996896352614e-05
BROTHERHOOD CU,1453,2.5336252878751087e-05
WEST TOWN B&TC,1418,2.472595084794841e-05
US MORTGAGE CORPORATION,1408,2.4551578839147647e-05
NEW BEDFORD CU,1404,2.448183003562734e-05
LEOMINSTER CU,1368,2.3854090803944586e-05
FIRST NB,1367,2.383665360306451e-05
WATERSTONE BK,1366,2.3819216402184434e-05
"PRYSMA LENDING GROUP, LLC",1327,2.3139165567861453e-05
FIRST NB AMER,1327,2.3139165567861453e-05
WINGS FNCL CU,1305,2.275554714849977e-05
WEI MORTGAGE CORPORATION,1276,2.2249868322977553e-05
PEOPLES NB,1264,2.2040621912416638e-05
AMERICASH,1260,2.197087310889633e-05
UNIFY FINANCIAL CREDIT UNION,1237,2.1569817488654572e-05
EASTHAMPTON SVG BK,1235,2.153494308689442e-05
SAVERS CO-OP BK,1232,2.148263148425419e-05
HOMETOWN BK,1230,2.1447757082494037e-05
"MMS MORTGAGE SERVICES, LTD.",1225,2.1360571078093653e-05
WEST TOWN BANK & TRUST,1211,2.1116450265772586e-05
WHITNEY BK,1200,2.0924641056091743e-05
MASSMUTUAL FCU,1191,2.0767706248171056e-05
RBC BK GA NA,1189,2.0732831846410904e-05
"AMERICAN EQUITY MORTGAGE, INC",1184,2.064564584201052e-05
"MID AMERICA MORTGAGE, INC",1161,2.0244590221768762e-05
GREENWOOD CU,1147,2.000046940944769e-05
SHREWSBURY FCU,1138,1.9843534601527004e-05
TOP FLITE FINANCIAL,1131,1.972147419536647e-05
EQUITABLE CO-OP BK,1096,1.911117216456379e-05
GA BKG CO,1061,1.8500870133761118e-05
STC CAP BK,1052,1.834393532584043e-05
MIDCOUNTRY BK,1050,1.8309060924080275e-05
"ONE REVERSE MORTGAGE, LLC",1043,1.818700051791974e-05
ALERUS FNCL NA,1028,1.7925442504718593e-05
PROFICIO BK,1013,1.7663884491517446e-05
"URBAN FINANCIAL GROUP, INC.",1012,1.764644729063737e-05
CIT BK NA,1007,1.755926128623699e-05
TRIANGLE CU,1000,1.7437200880076454e-05
MUTUAL OMAHA BK,998,1.74023264783163e-05
RHODE ISLAND CU,987,1.721051726863546e-05
ALLCOM CU,980,1.7088456862474924e-05
SHARONVIEW FCU,951,1.6582778036952706e-05
RELIANT BK,946,1.6495592032552323e-05
TALMER B&TC,940,1.6390968827271867e-05
UNIVERSITY ISLAMIC FINANCIAL,908,1.5832978399109418e-05
BAC FL BK,903,1.5745792394709038e-05
LSI MORTGAGE PLUS,900,1.5693480792068807e-05
AMERICAN FINANCING CORPORATION,886,1.5449359979747736e-05
"UNIVERSAL AMERICAN MTG CO.,LLC",856,1.4926243953345444e-05
COLONIAL SVG FA,834,1.4542625533983762e-05
METROWEST CMNTY FCU,827,1.4420565127823226e-05
PRIME ALLI BK,825,1.4385690726063074e-05
FORT SILL NB,818,1.4263630319902539e-05
NCB FSB,800,1.3949760704061162e-05
CLEARVIEW FCU,800,1.3949760704061162e-05
MACHIAS SVG BK,795,1.386257469966078e-05
MARBLEHEAD BK,793,1.3827700297900627e-05
HOMEFIELD CREDIT UNION,780,1.3601016686459634e-05
MERIDIAN BK,779,1.3583579485579558e-05
HAMPDEN BK,765,1.3339458673258487e-05
HOMEFIELD CU,752,1.3112775061817492e-05
DELTA CMNTY CU,752,1.3112775061817492e-05
FARMERS B&TC,739,1.2886091450376499e-05
CHICOPEE SVG BK,730,1.2729156642455811e-05
OPTIMA B&TC,726,1.2659407838935506e-05
CONNECTICUT HOME MORTGAGE,721,1.2572221834535122e-05
ANDREWS FCU,702,1.224091501781367e-05
CHEMUNG CANAL TC,701,1.2223477816933594e-05
BANGOR SVG BK,689,1.2014231406372677e-05
DISCOVER BK,681,1.1874733799332065e-05
"FM HOME LOANS, LLC",665,1.159573858525084e-05
PATHFINDER BK,660,1.1508552580850459e-05
SIGNATURE BK NA,650,1.1334180572049694e-05
NASA FCU,640,1.115980856324893e-05
COMMONWEALTH UTILITIES EMPL CU,637,1.11074969606087e-05
ANHEUSER-BUSCH EMPL CU,633,1.1037748157088395e-05
MIDFIRST BK,629,1.096799935356809e-05
CONNEXUS CU,625,1.0898250550047784e-05
GORHAM SVG BK,620,1.08110645456474e-05
MORTGAGE SOLUTIONS OF COLORADO,617,1.0758752943007172e-05
MILLENNIUM BK,615,1.0723878541247018e-05
NATIONWIDE BK,607,1.0584380934206407e-05
CAMBRIDGE PORTUGUESE CU,601,1.0479757728925948e-05
SHINHAN BK AMER,600,1.0462320528045872e-05
PREFERRED BUSINESS EXCHANGE,599,1.0444883327165796e-05
BANK SNB,575,1.0026390506043961e-05
MWABANK,568,9.904330099883426e-06
AMERICAN MW BK,560,9.764832492842815e-06
NEXBANK SSB,560,9.764832492842815e-06
LEE BK,554,9.660209287562355e-06
"HOMESVCS LENDING LLC, SERIES A",540,9.416088475241284e-06
COUNTRYSIDE FCU,540,9.416088475241284e-06
NESC FCU,533,9.294028069080749e-06
GREAT LAKES CU,533,9.294028069080749e-06
JUSTICE FCU,525,9.154530462040137e-06
COMMUNITY ST BK OF MO,525,9.154530462040137e-06
CMNTY BK OAK PARK RIVER FOREST,523,9.119656060279985e-06
EDISON NB,523,9.119656060279985e-06
GREENFIELD CO-OP BK,523,9.119656060279985e-06
AMERICAN B&TC NA,512,8.927846850599144e-06
UNITED BANK MORTGAGE CORP,504,8.788349243558533e-06
SALEM CO-OP BK,501,8.736037640918303e-06
NOTRE DAME FCU,455,7.933926400434787e-06
SALISBURY B&TC,451,7.864177596914481e-06
FINEMARK NB&TC,444,7.742117190753946e-06
FLORIDA CAP BK NA,443,7.724679989873868e-06
BMI FCU,432,7.532870780193028e-06
WRIGHT PATMAN CONGRSSIONAL FCU,432,7.532870780193028e-06
TOWER FCU,430,7.497996378432875e-06
SECURITYNATIONAL MORTGAGE COMP,419,7.306187168752034e-06
BETHPAGE FCU,418,7.288749967871958e-06
"CORTRUST MORTGAGE, INC.",417,7.271312766991881e-06
FAIRFIELD CTY BK,417,7.271312766991881e-06
CARROLLTON BK,417,7.271312766991881e-06
SB1 FCU,417,7.271312766991881e-06
POLICE FCU,408,7.1143779590711925e-06
AFFILIATED MORTGAGE COMPANY,405,7.062066356430964e-06
COMMERCE BK,400,6.974880352030581e-06
BARRE SVG BK,395,6.887694347630199e-06
ADVANTAGE BK,390,6.800508343229817e-06
ALLIED FIRST BK SB,378,6.5912619326689e-06
BANK2,372,6.48663872738844e-06
UKRAINIAN SELFRELIANCE FCU,369,6.434327124748211e-06
JAMES B. NUTTER & COMPANY,367,6.3994527229880585e-06
FIRST COMMAND BK,365,6.364578321227906e-06
MILL CITY CU,364,6.347141120347829e-06
WAVE FCU,363,6.329703919467753e-06
IDB-IIC FCU,360,6.277392316827523e-06
QUAD CITY B&TC,350,6.103020308026759e-06
MILLBURY NB,350,6.103020308026759e-06
SCIENT FCU,350,6.103020308026759e-06
"CITIMORTGAGE, INC.",347,6.050708705386529e-06
FIRST EXCH BK,341,5.946085500106071e-06
IBERIABANK,335,5.841462294825612e-06
LOGIX FCU,335,5.841462294825612e-06
INTERNATIONAL BK OF CHICAGO,333,5.806587893065459e-06
CENT MTG CO D/B/A CENTURY LEND,326,5.684527486904924e-06
FARMERS BANK & TRUST,324,5.649653085144771e-06
GREYLOCK FCU,321,5.597341482504541e-06
QUONTIC BK FSB,320,5.579904281624465e-06
WILLAMETTE VALLEY BK,319,5.562467080744388e-06
DIME BK,318,5.545029879864312e-06
AMERICAN NATIONWIDE MORTGAGE C,315,5.492718277224083e-06
BANK OF SPRINGFIELD,310,5.4055322728237e-06
ARMED FORCES BK NA,300,5.231160264022936e-06
DEVON BK,300,5.231160264022936e-06
PACIFIC MERC BK,300,5.231160264022936e-06
BRIDGEVIEW BK GRP,298,5.196285862262783e-06
CONGRESSIONAL FCU,290,5.0567882552221715e-06
STANFORD FCU,288,5.021913853462019e-06
CNB MORTGAGE COMPANY,288,5.021913853462019e-06
NBT BK NA,280,4.882416246421407e-06
NATIONWIDE ADVANTAGE MORTGAGE,276,4.812667442901101e-06
MERIDIAN RESIDENTIAL CAPITAL,275,4.795230242021025e-06
NAPUS FCU,270,4.708044237620642e-06
GFA FCU,269,4.690607036740566e-06
SANFORD INST FOR SVG,266,4.6382954341003364e-06
FREEDOM NB,261,4.551109429699954e-06
SOUTHBRIDGE CU,259,4.516235027939801e-06
TOWNE MORTGAGE COMPANY,259,4.516235027939801e-06
NATIONAL GRAND BK OF MARBLEH,259,4.516235027939801e-06
EVERENCE FCU,254,4.429049023539419e-06
INDEPENDENT BK,250,4.359300220019114e-06
OAKSTAR BK,246,4.289551416498807e-06
"MORTGAGE SERVICES III, L.L.C.",243,4.237239813858578e-06
LAFAYETTE FCU,240,4.1849282112183485e-06
MERCHANTS BK,240,4.1849282112183485e-06
"LENDERLIVE NETWORK, INC.",229,3.993119001537507e-06
UNITED ST SENATE EMPL FCU,227,3.9582445997773545e-06
NRL FCU,225,3.923370198017202e-06
1ST CONSTITUTION BK,224,3.905932997137126e-06
BURKE & HERBERT B&TC,223,3.888495796257049e-06
SAVINGS INST BK & TR CO,222,3.871058595376973e-06
ATHOL SVG BK,203,3.53975177865552e-06
HARTFORD FUNDING LTD,201,3.504877376895367e-06
EASTMAN CU,200,3.4874401760152905e-06
DEPARTMENT OF CMRC FCU,196,3.417691372494985e-06
FIRST ST BK,196,3.417691372494985e-06
ARVEST BK,191,3.3305053680946027e-06
FOUR POINTS FCU,189,3.29563096633445e-06
TRIUMPH BK,179,3.121258957533685e-06
ADAMS CMNTY BK,175,3.0515101540133794e-06
CITIZENS NB OF GREATER STL,168,2.929449747852844e-06
HERRING BK,162,2.8248265425723855e-06
MEADOWBROOK FINANCIAL MORTGAGE,161,2.807389341692309e-06
STATE DEPT FCU,161,2.807389341692309e-06
"FINANCE OF AMERICA REVERSE, LL",155,2.70276613641185e-06
THRIVENT FCU,155,2.70276613641185e-06
GERMAN AMER BC,152,2.6504545337716208e-06
"LIMA ONE CAPITAL, LLC",147,2.5632685293712386e-06
XCEED FNCL CU,145,2.5283941276110858e-06
INOVA FCU,144,2.5109569267310093e-06
HINGHAM FCU,141,2.45864532409078e-06
BLACKSTONE RIVER FCU,140,2.4412081232107036e-06
GSF MORTGAGE CORP,138,2.4063337214505504e-06
GENERATIONS BK,137,2.388896520570474e-06
SEAPORT CU,127,2.2145245117697097e-06
WORCESTER CU,110,1.91809209680841e-06
VANDYK MORTGAGE CORPORATION,105,1.8309060924080276e-06
BCB CMNTY BK,100,1.7437200880076453e-06
TEWKSBURY FCU,100,1.7437200880076453e-06
TRANSPORTATION FCU,85,1.4821620748064984e-06
FRB FCU,80,1.3949760704061163e-06
FIRST MW BK,56,9.764832492842814e-07
NOTRE DAME COMMUNITY FCU,47,8.195484413635932e-07
GRAFTON SUBURBAN CU,43,7.497996378432874e-07
DEERE EMPL CU,36,6.277392316827523e-07
NORTHEAST CU,30,5.231160264022936e-07
CORNING FCU,30,5.231160264022936e-07
PREMIER SOURCE CU,25,4.359300220019113e-07
FEDEX EMPL CA FCU,23,4.010556202417584e-07
SAINT MARYS BK CU,21,3.661812184816055e-07
SAUGUSBANK A CO-OP BK,18,3.1386961584137617e-07
CITIZENS ST BK,4,6.974880352030581e-08
HOMESTAR BK & FS,2,3.487440176015291e-08
